"Date","Price","Open","High","Low","Vol.","Change %"
"04/18/2024","16.93","17.08","17.13","16.93","","-1.17%"
"04/17/2024","17.13","17.28","17.98","16.98","","-1.87%"
"04/16/2024","17.46","18.10","18.61","17.10","184.31K","-5.17%"
"04/15/2024","18.41","17.05","18.70","15.95","150.98K","7.72%"
"04/12/2024","17.09","15.00","18.10","15.00","200.30K","13.74%"
"04/11/2024","15.02","15.50","16.30","14.95","116.86K","-1.91%"
"04/10/2024","15.32","15.00","16.20","14.75","153.09K","1.60%"
"04/09/2024","15.08","15.30","16.00","14.95","126.61K","-1.77%"
"04/08/2024","15.35","16.00","16.02","15.15","110.61K","-4.54%"
"04/05/2024","16.08","15.96","16.35","15.43","141.00K","1.56%"
"04/04/2024","15.83","14.90","16.35","14.45","164.60K","5.93%"
"04/03/2024","14.94","15.00","15.40","14.70","92.57K","-0.37%"
"04/02/2024","15.00","14.65","15.65","14.45","129.00K","3.43%"
"04/01/2024","14.50","14.35","14.80","14.15","65.36K","0.93%"
"03/28/2024","14.37","14.05","14.40","14.05","67.83K","2.15%"
"03/27/2024","14.07","14.35","14.45","14.04","58.79K","-1.95%"
"03/26/2024","14.35","14.40","14.40","14.10","51.35K","-0.38%"
"03/25/2024","14.40","14.50","14.75","14.25","58.08K","-0.56%"
"03/22/2024","14.48","14.45","14.65","14.25","58.27K","0.17%"
"03/21/2024","14.46","14.50","14.65","14.30","79.78K","2.02%"
"03/20/2024","14.17","13.90","14.15","13.80","2.78K","1.61%"
"03/19/2024","13.94","14.34","14.91","13.80","72.64K","-2.88%"
"03/18/2024","14.36","14.60","14.65","14.05","65.27K","-1.65%"
"03/15/2024","14.60","14.30","15.55","14.15","116.09K","1.79%"
"03/14/2024","14.34","13.80","15.05","13.58","117.66K","3.95%"
"03/13/2024","13.80","13.95","14.05","13.70","66.03K","-1.17%"
"03/12/2024","13.96","14.85","15.21","13.90","114.94K","-6.28%"
"03/11/2024","14.90","15.00","15.65","14.75","111.07K","-1.21%"
"03/08/2024","15.08","14.65","15.75","14.20","128.01K","3.15%"
"03/07/2024","14.62","14.80","15.10","14.35","63.98K","-1.16%"
"03/06/2024","14.79","14.70","14.95","14.25","80.91K","0.59%"
"03/05/2024","14.70","14.10","15.25","14.00","131.04K","4.80%"
"03/04/2024","14.03","14.00","14.15","13.90","46.45K","-0.13%"
"03/01/2024","14.05","14.05","14.25","13.75","70.36K","0.28%"
"02/29/2024","14.01","14.30","14.45","13.95","62.29K","-1.51%"
"02/28/2024","14.22","13.98","14.40","13.97","51.90K","1.61%"
"02/27/2024","14.00","14.30","14.35","13.95","47.46K","-1.78%"
"02/26/2024","14.25","14.50","14.60","14.20","59.53K","-1.23%"
"02/23/2024","14.43","14.90","15.01","14.40","67.12K","-4.02%"
"02/22/2024","15.03","15.05","15.10","14.50","91.40K","-2.05%"
"02/21/2024","15.35","15.55","15.75","15.00","89.46K","-1.15%"
"02/20/2024","15.53","15.05","15.90","14.90","124.43K","2.63%"
"02/19/2024","15.13","15.08","15.13","14.93","","0.33%"
"02/18/2024","15.08","15.03","15.08","14.98","","0.86%"
"02/16/2024","14.95","15.00","15.25","14.70","91.01K","-0.45%"
"02/15/2024","15.02","15.05","15.35","14.84","69.59K","4.88%"
"02/14/2024","14.32","15.75","15.75","14.65","2.36K","-9.09%"
"02/13/2024","15.75","13.85","17.85","13.61","141.52K","14.12%"
"02/12/2024","13.80","13.40","13.90","13.20","58.88K","3.24%"
"02/09/2024","13.37","13.35","13.40","13.13","45.69K","0.19%"
"02/08/2024","13.35","13.40","13.65","13.30","53.01K","-0.30%"
"02/07/2024","13.38","13.58","13.65","13.25","66.52K","-1.24%"
"02/06/2024","13.55","13.95","14.05","13.50","72.99K","-2.89%"
"02/05/2024","13.96","14.65","14.85","13.85","91.67K","-4.07%"
"02/02/2024","14.55","14.40","14.75","14.24","78.11K","-1.02%"
"02/01/2024","14.70","14.85","15.01","14.35","96.72K","-1.18%"
"01/31/2024","14.87","14.10","15.00","13.84","144.44K","6.29%"
"01/30/2024","13.99","14.20","14.30","13.95","56.48K","-1.81%"
"01/29/2024","14.25","14.15","14.45","14.09","60.77K","0.95%"
"01/26/2024","14.12","14.25","14.45","13.90","57.20K","-0.76%"
"01/25/2024","14.23","14.05","14.30","13.90","63.33K","1.34%"
"01/24/2024","14.04","13.73","14.15","13.49","69.92K","2.47%"
"01/23/2024","13.70","14.08","14.08","13.65","70.54K","-2.70%"
"01/22/2024","14.08","14.50","14.52","14.00","70.11K","-3.59%"
"01/19/2024","14.61","15.00","15.00","14.48","90.93K","-2.66%"
"01/18/2024","15.00","15.45","15.50","14.90","78.72K","-0.83%"
"01/17/2024","15.13","13.85","14.75","13.70","1.87K","8.42%"
"01/16/2024","13.95","13.30","14.35","13.15","108.26K","-4.94%"
"01/15/2024","14.68","14.58","14.68","14.48","","0.34%"
"01/14/2024","14.63","14.53","14.63","14.53","","10.99%"
"01/12/2024","13.18","13.01","13.45","12.95","70.15K","1.00%"
"01/11/2024","13.05","13.25","13.75","12.95","109.26K","-2.20%"
"01/10/2024","13.35","13.45","13.51","13.20","76.12K","-0.44%"
"01/09/2024","13.40","13.88","14.05","13.35","70.33K","-2.85%"
"01/08/2024","13.80","14.15","14.50","13.60","87.25K","-2.86%"
"01/05/2024","14.20","14.65","15.05","13.95","104.20K","-3.13%"
"01/04/2024","14.66","14.70","14.80","14.35","77.22K","-0.26%"
"01/03/2024","14.70","14.13","14.95","14.10","112.10K","4.24%"
"01/02/2024","14.10","14.25","14.80","13.90","105.59K","0.87%"
"01/01/2024","13.98","14.03","14.03","13.98","","-0.51%"
"12/29/2023","14.05","14.00","14.45","13.85","63.21K","0.48%"
"12/28/2023","13.98","13.95","14.20","13.90","42.20K","-0.07%"
"12/27/2023","13.99","14.60","14.65","13.95","62.38K","-4.20%"
"12/26/2023","14.61","15.05","15.15","14.55","42.73K","-3.46%"
"12/25/2023","15.13","15.08","15.13","15.08","","0.62%"
"12/22/2023","15.04","15.45","15.75","15.00","72.14K","-2.62%"
"12/21/2023","15.44","15.75","15.95","15.30","106.59K","25.44%"
"12/20/2023","12.31","12.55","12.60","12.38","1.84K","-0.80%"
"12/19/2023","12.41","12.50","12.65","12.25","59.04K","-0.07%"
"12/18/2023","12.42","12.55","12.60","12.30","51.95K","-0.38%"
"12/15/2023","12.46","12.34","12.80","12.20","83.18K","1.30%"
"12/14/2023","12.30","12.20","12.65","11.96","83.38K","0.99%"
"12/13/2023","12.18","12.36","12.55","12.10","80.27K","-1.77%"
"12/12/2023","12.40","12.90","13.00","12.25","75.43K","-4.20%"
"12/11/2023","12.95","13.33","13.35","12.90","64.65K","-2.96%"
"12/08/2023","13.34","13.85","13.87","13.30","68.22K","-2.96%"
"12/07/2023","13.75","13.80","13.90","13.58","49.40K","0.08%"
"12/06/2023","13.74","13.65","13.85","13.40","65.44K","0.54%"
"12/05/2023","13.66","13.90","14.05","13.65","63.42K","-1.00%"
"12/04/2023","13.80","13.60","14.30","13.60","81.38K","0.75%"
"12/01/2023","13.70","13.80","13.85","13.50","58.36K","-0.43%"
"11/30/2023","13.76","14.00","14.15","13.70","61.99K","-1.73%"
"11/29/2023","14.00","13.85","14.10","13.65","67.46K","1.56%"
"11/28/2023","13.78","13.90","14.10","13.65","65.31K","-1.21%"
"11/27/2023","13.95","13.90","14.20","13.85","46.29K","0.75%"
"11/24/2023","13.85","14.60","14.65","13.80","47.37K","-4.02%"
"11/23/2023","14.43","14.58","14.63","14.43","","-0.91%"
"11/22/2023","14.56","14.45","14.75","14.25","58.07K","0.76%"
"11/21/2023","14.45","14.75","14.95","14.40","63.62K","-2.19%"
"11/20/2023","14.78","14.90","15.00","14.60","48.49K","-0.86%"
"11/17/2023","14.90","15.16","15.25","14.85","51.36K","-1.60%"
"11/16/2023","15.15","15.35","15.50","15.10","73.37K","6.51%"
"11/15/2023","14.22","14.19","14.35","14.05","1.96K","-0.35%"
"11/14/2023","14.27","14.85","15.05","14.05","83.44K","-3.60%"
"11/13/2023","14.80","15.20","15.40","14.60","60.44K","-0.64%"
"11/10/2023","14.90","15.84","15.91","14.85","75.62K","-6.22%"
"11/09/2023","15.89","15.23","16.06","14.86","82.99K","5.15%"
"11/08/2023","15.11","15.50","15.70","15.05","67.70K","-2.53%"
"11/07/2023","15.50","15.70","15.97","15.40","60.43K","-0.92%"
"11/06/2023","15.65","16.10","16.18","15.59","80.19K","-3.13%"
"11/03/2023","16.15","16.65","16.80","15.98","79.85K","-2.44%"
"11/02/2023","16.56","17.35","17.38","16.55","87.60K","-4.30%"
"11/01/2023","17.30","18.25","18.40","17.15","111.88K","-4.56%"
"10/31/2023","18.13","19.70","19.85","18.05","111.13K","-7.47%"
"10/30/2023","19.59","20.90","21.23","19.45","96.22K","-7.53%"
"10/27/2023","21.19","20.35","21.40","19.79","116.90K","3.16%"
"10/26/2023","20.54","20.30","21.17","20.00","120.60K","1.17%"
"10/25/2023","20.30","19.12","20.85","18.90","124.79K","6.36%"
"10/24/2023","19.09","19.75","20.05","18.91","95.14K","-4.56%"
"10/23/2023","20.00","20.75","21.90","19.25","131.05K","-3.50%"
"10/20/2023","20.73","20.65","21.15","20.10","130.20K","0.83%"
"10/19/2023","20.55","19.35","20.82","19.00","148.16K","11.89%"
"10/18/2023","18.37","18.10","18.50","17.80","2.51K","2.92%"
"10/17/2023","17.85","17.25","18.45","16.80","115.71K","4.01%"
"10/16/2023","17.16","19.15","19.36","17.04","106.03K","-10.89%"
"10/13/2023","19.26","16.97","20.20","16.63","175.56K","13.62%"
"10/12/2023","16.95","16.35","17.85","15.80","132.61K","2.70%"
"10/11/2023","16.50","17.06","17.75","16.35","102.90K","-2.86%"
"10/10/2023","16.99","17.70","17.75","16.60","94.20K","-3.73%"
"10/09/2023","17.65","18.65","19.60","17.60","100.82K","-2.15%"
"10/06/2023","18.03","18.40","19.60","17.51","135.50K","-0.91%"
"10/05/2023","18.20","18.75","19.50","18.15","101.14K","-1.72%"
"10/04/2023","18.52","19.75","20.35","18.40","137.67K","-5.79%"
"10/03/2023","19.66","17.85","20.05","17.55","149.16K","10.12%"
"10/02/2023","17.85","17.10","18.30","17.00","103.75K","0.45%"
"09/29/2023","17.77","17.25","17.85","16.50","125.25K","2.42%"
"09/28/2023","17.35","18.25","18.55","17.20","126.85K","-5.19%"
"09/27/2023","18.30","18.95","19.50","18.20","134.87K","-4.55%"
"09/26/2023","19.17","17.30","19.30","17.25","138.06K","9.58%"
"09/25/2023","17.50","17.50","18.21","17.15","100.47K","0.03%"
"09/22/2023","17.49","17.55","17.70","16.80","107.59K","0.03%"
"09/21/2023","17.49","16.25","17.65","16.15","144.84K","25.26%"
"09/20/2023","13.96","14.16","14.25","13.80","2.29K","-0.65%"
"09/19/2023","14.05","13.99","14.75","13.80","66.88K","-0.32%"
"09/18/2023","14.10","14.15","14.63","13.85","61.30K","-1.09%"
"09/15/2023","14.25","13.35","14.40","13.25","81.57K","6.61%"
"09/14/2023","13.37","13.95","13.96","13.30","73.19K","-4.50%"
"09/13/2023","14.00","14.60","14.95","13.90","91.26K","-4.37%"
"09/12/2023","14.64","14.62","14.85","14.25","74.98K","0.37%"
"09/11/2023","14.58","14.85","14.90","14.40","82.80K","-2.38%"
"09/08/2023","14.94","15.25","15.70","14.65","82.26K","-2.36%"
"09/07/2023","15.30","15.30","16.21","15.20","79.49K","-0.29%"
"09/06/2023","15.35","15.15","15.80","15.00","83.01K","2.36%"
"09/05/2023","14.99","14.80","15.25","14.60","64.45K","1.10%"
"09/04/2023","14.83","14.78","14.88","14.63","","0.22%"
"09/01/2023","14.80","15.02","15.05","14.60","62.88K","-1.64%"
"08/31/2023","15.04","15.28","15.41","14.93","66.55K","-1.69%"
"08/30/2023","15.30","15.90","16.05","15.25","65.88K","-3.77%"
"08/29/2023","15.90","16.42","16.60","15.76","82.18K","-3.22%"
"08/28/2023","16.43","17.15","17.22","16.40","71.14K","-4.34%"
"08/25/2023","17.18","18.10","18.30","16.95","91.36K","-4.62%"
"08/24/2023","18.01","16.90","18.15","16.80","82.39K","4.15%"
"08/23/2023","17.29","17.90","17.92","16.90","64.27K","-3.39%"
"08/22/2023","17.90","17.96","18.26","17.37","66.20K","0.29%"
"08/21/2023","17.85","18.44","18.55","17.75","75.86K","-3.25%"
"08/18/2023","18.45","18.85","19.55","18.20","123.68K","-2.15%"
"08/17/2023","18.85","18.00","18.95","17.60","110.44K","15.82%"
"08/16/2023","16.28","16.25","16.60","15.95","1.68K","0.66%"
"08/15/2023","16.17","14.90","16.55","14.60","100.05K","8.94%"
"08/14/2023","14.85","15.35","15.90","14.80","78.95K","-3.31%"
"08/11/2023","15.35","16.05","16.68","15.25","96.10K","-4.08%"
"08/10/2023","16.01","16.30","16.95","15.10","174.27K","-2.08%"
"08/09/2023","16.35","16.50","17.20","15.85","133.42K","-0.90%"
"08/08/2023","16.50","16.25","18.55","16.20","163.44K","1.23%"
"08/07/2023","16.29","17.35","17.45","16.20","94.65K","-6.93%"
"08/04/2023","17.51","16.75","17.60","15.65","128.23K","4.53%"
"08/03/2023","16.75","16.85","17.75","16.35","125.89K","0.28%"
"08/02/2023","16.70","15.50","17.20","15.35","164.18K","10.81%"
"08/01/2023","15.07","14.88","15.45","14.80","64.88K","1.41%"
"07/31/2023","14.86","15.05","15.20","14.78","58.01K","-0.84%"
"07/28/2023","14.99","15.65","15.75","14.85","77.54K","-4.46%"
"07/27/2023","15.69","14.90","16.10","14.50","122.90K","5.37%"
"07/26/2023","14.89","15.28","15.57","14.80","73.39K","-2.99%"
"07/25/2023","15.35","15.40","15.45","15.00","54.40K","-0.22%"
"07/24/2023","15.38","15.70","15.74","15.20","55.43K","-1.48%"
"07/21/2023","15.61","15.80","15.85","15.30","63.36K","-1.48%"
"07/20/2023","15.85","15.86","16.12","15.60","65.37K","21.71%"
"07/19/2023","13.02","13.30","13.30","13.03","1.21K","-2.11%"
"07/18/2023","13.30","13.65","13.90","13.25","59.44K","-2.91%"
"07/17/2023","13.70","13.75","14.00","13.55","54.34K","-0.77%"
"07/14/2023","13.80","14.19","14.40","13.75","61.76K","-2.73%"
"07/13/2023","14.19","14.30","14.31","13.90","76.53K","-0.71%"
"07/12/2023","14.29","15.41","15.70","14.25","99.60K","-8.10%"
"07/11/2023","15.55","15.77","15.83","15.20","87.46K","-1.41%"
"07/10/2023","15.77","15.90","16.40","15.60","76.87K","-0.55%"
"07/07/2023","15.86","16.30","16.70","15.50","103.90K","-1.88%"
"07/06/2023","16.17","15.26","17.95","15.25","173.64K","5.78%"
"07/05/2023","15.28","14.88","15.35","14.85","59.96K","2.36%"
"07/04/2023","14.93","14.88","14.98","14.83","","0.24%"
"07/03/2023","14.89","15.05","15.21","14.85","33.42K","-0.78%"
"06/30/2023","15.01","15.25","15.30","14.85","47.48K","-2.07%"
"06/29/2023","15.33","15.05","15.45","14.90","64.76K","2.24%"
"06/28/2023","14.99","15.60","15.70","14.95","56.51K","-3.66%"
"06/27/2023","15.56","16.03","16.05","15.20","55.54K","-2.71%"
"06/26/2023","16.00","16.00","16.25","15.60","71.13K","0.26%"
"06/23/2023","15.95","15.75","16.40","15.75","66.01K","1.11%"
"06/22/2023","15.78","16.20","16.50","15.65","55.72K","17.40%"
"06/21/2023","13.44","14.05","14.05","13.55","1.69K","-4.17%"
"06/20/2023","14.03","14.35","14.70","13.95","83.13K","-15.66%"
"06/19/2023","16.63","16.58","16.63","16.48","","0.60%"
"06/18/2023","16.53","16.48","16.53","16.48","","15.23%"
"06/16/2023","14.35","15.10","15.21","14.30","73.57K","-5.02%"
"06/15/2023","15.10","14.70","15.20","14.55","69.83K","2.20%"
"06/14/2023","14.78","15.30","15.40","14.68","77.19K","-3.53%"
"06/13/2023","15.32","15.45","15.55","15.11","65.59K","-1.57%"
"06/12/2023","15.56","15.25","15.70","15.08","63.14K","2.13%"
"06/09/2023","15.24","15.10","15.52","14.93","55.66K","1.50%"
"06/08/2023","15.01","15.50","15.70","14.80","52.68K","-2.84%"
"06/07/2023","15.45","15.45","15.85","15.40","61.16K","0.21%"
"06/06/2023","15.42","16.55","16.65","15.40","64.28K","-6.56%"
"06/05/2023","16.50","17.00","17.15","16.48","57.54K","-2.63%"
"06/02/2023","16.95","17.70","17.76","16.70","88.49K","-4.28%"
"06/01/2023","17.70","18.90","19.05","17.65","76.66K","-6.15%"
"05/31/2023","18.87","18.95","19.55","18.68","61.32K","-0.54%"
"05/30/2023","18.97","19.25","19.75","18.65","78.47K","-1.37%"
"05/29/2023","19.23","19.13","19.26","19.08","","0.79%"
"05/28/2023","19.08","19.13","19.26","19.08","","-2.56%"
"05/26/2023","19.58","20.45","20.60","18.95","75.10K","-4.13%"
"05/25/2023","20.43","20.54","20.95","20.17","64.98K","-2.72%"
"05/24/2023","21.00","20.15","21.25","19.95","91.15K","4.74%"
"05/23/2023","20.05","19.70","20.40","19.41","69.32K","1.91%"
"05/22/2023","19.67","19.90","20.15","19.30","63.23K","0.11%"
"05/19/2023","19.65","19.10","20.10","18.85","85.28K","2.62%"
"05/18/2023","19.15","19.90","20.01","19.05","58.74K","11.84%"
"05/17/2023","17.12","18.15","18.31","17.55","2.11K","-6.36%"
"05/16/2023","18.28","17.73","18.43","17.63","48.05K","2.70%"
"05/15/2023","17.80","18.61","18.77","17.55","62.46K","-4.00%"
"05/12/2023","18.54","18.65","19.10","17.85","67.25K","-0.32%"
"05/11/2023","18.60","18.90","19.65","18.47","76.68K","-1.31%"
"05/10/2023","18.85","19.45","19.88","18.30","104.06K","-2.93%"
"05/09/2023","19.42","19.05","19.70","18.96","58.10K","2.20%"
"05/08/2023","19.00","19.40","19.46","18.85","50.96K","-1.48%"
"05/05/2023","19.29","21.15","21.15","19.05","83.26K","-8.98%"
"05/04/2023","21.19","20.65","22.10","19.80","146.70K","6.20%"
"05/03/2023","19.95","19.35","20.60","18.78","89.10K","3.17%"
"05/02/2023","19.34","18.60","20.80","18.55","145.60K","6.44%"
"05/01/2023","18.17","18.50","18.65","17.65","77.25K","-1.45%"
"04/28/2023","18.44","19.35","19.87","18.40","75.58K","-5.19%"
"04/27/2023","19.45","20.35","20.38","19.15","68.82K","-4.79%"
"04/26/2023","20.42","20.60","21.13","19.80","97.28K","-2.83%"
"04/25/2023","21.02","19.35","21.20","19.28","110.53K","8.76%"
"04/24/2023","19.33","19.45","19.85","19.25","47.60K","-0.42%"
"04/21/2023","19.41","19.80","20.05","19.35","62.30K","-2.16%"
"04/20/2023","19.84","19.55","20.00","19.30","55.40K","18.43%"
"04/19/2023","16.75","17.15","17.65","16.80","1.34K","-1.77%"
"04/18/2023","17.05","17.45","17.63","16.88","39.59K","-2.09%"
"04/17/2023","17.42","18.15","18.30","17.40","54.37K","-5.10%"
"04/14/2023","18.35","18.90","19.05","18.16","58.82K","-2.04%"
"04/13/2023","18.73","20.05","20.12","18.70","61.42K","-6.10%"
"04/12/2023","19.95","19.75","20.20","19.05","70.79K","0.94%"
"04/11/2023","19.77","19.85","19.95","19.32","46.55K","-0.19%"
"04/10/2023","19.80","20.05","20.45","19.70","48.21K","-1.62%"
"04/07/2023","20.13","20.11","20.18","19.78","","0.76%"
"04/06/2023","19.98","20.55","20.87","19.78","52.74K","-2.16%"
"04/05/2023","20.42","20.60","21.25","20.35","52.72K","-0.88%"
"04/04/2023","20.60","20.30","21.30","20.05","71.60K","1.93%"
"04/03/2023","20.21","21.10","21.40","20.20","59.12K","-2.67%"
"03/31/2023","20.76","20.95","21.25","20.40","63.59K","-0.30%"
"03/30/2023","20.83","20.95","21.70","20.60","64.18K","-0.49%"
"03/29/2023","20.93","21.70","21.70","20.75","58.28K","-3.54%"
"03/28/2023","21.70","22.15","22.60","21.60","69.72K","-2.55%"
"03/27/2023","22.27","23.25","23.90","22.15","71.16K","-4.12%"
"03/24/2023","23.22","23.85","26.25","23.16","127.40K","-4.13%"
"03/23/2023","24.22","23.50","24.65","22.00","121.53K","17.14%"
"03/22/2023","20.68","21.60","22.10","21.20","0.77K","-4.22%"
"03/21/2023","21.59","24.20","24.29","21.15","60.91K","-10.66%"
"03/20/2023","24.17","25.80","28.05","23.90","58.26K","-5.72%"
"03/17/2023","25.63","23.30","26.20","22.61","86.05K","11.38%"
"03/16/2023","23.02","25.90","26.93","22.95","94.28K","-10.84%"
"03/15/2023","25.81","23.60","28.55","23.02","172.66K","8.91%"
"03/14/2023","23.70","25.25","25.65","22.20","144.39K","-6.58%"
"03/13/2023","25.37","23.95","28.40","22.40","192.21K","4.93%"
"03/10/2023","24.18","21.80","27.00","21.15","243.50K","10.94%"
"03/09/2023","21.80","19.25","22.00","18.90","118.65K","12.90%"
"03/08/2023","19.31","19.76","20.00","19.20","56.23K","-2.26%"
"03/07/2023","19.75","19.20","19.95","18.85","76.52K","2.76%"
"03/06/2023","19.22","19.45","19.65","19.05","56.41K","-1.43%"
"03/03/2023","19.50","20.30","20.45","19.40","60.46K","-3.48%"
"03/02/2023","20.20","21.02","21.70","20.15","68.15K","-3.95%"
"03/01/2023","21.03","21.00","21.60","20.60","70.49K","1.23%"
"02/28/2023","20.78","21.23","21.60","20.55","67.00K","-2.61%"
"02/27/2023","21.33","22.25","22.25","21.05","72.02K","-3.86%"
"02/24/2023","22.19","21.35","22.87","21.30","97.32K","3.81%"
"02/23/2023","21.37","22.05","22.45","21.20","70.85K","-3.77%"
"02/22/2023","22.21","23.00","23.26","22.05","89.86K","-3.01%"
"02/21/2023","22.90","21.50","23.10","21.30","100.34K","5.97%"
"02/20/2023","21.61","21.48","21.63","21.33","","1.08%"
"02/19/2023","21.38","21.43","21.43","21.33","","0.62%"
"02/17/2023","21.25","21.21","22.06","21.15","77.71K","0.41%"
"02/16/2023","21.16","20.11","21.26","19.91","111.29K","13.22%"
"02/15/2023","18.69","18.95","19.30","18.70","1.19K","0.22%"
"02/14/2023","18.65","19.90","20.05","18.55","72.85K","-6.35%"
"02/13/2023","19.91","20.75","21.25","19.80","57.91K","-4.85%"
"02/10/2023","20.93","20.70","21.70","20.69","85.69K","0.58%"
"02/09/2023","20.81","20.10","20.90","19.35","77.12K","3.78%"
"02/08/2023","20.05","19.45","20.55","19.15","84.92K","4.36%"
"02/07/2023","19.21","19.98","20.40","19.09","91.25K","-3.99%"
"02/06/2023","20.01","19.40","20.20","19.38","81.82K","3.49%"
"02/03/2023","19.34","19.55","20.30","19.18","100.46K","0.20%"
"02/02/2023","19.30","18.75","19.90","18.10","116.05K","2.92%"
"02/01/2023","18.75","19.45","20.05","18.50","96.71K","-3.97%"
"01/31/2023","19.53","20.00","20.62","19.30","67.62K","-2.61%"
"01/30/2023","20.05","19.45","20.41","19.40","72.50K","3.78%"
"01/27/2023","19.32","19.70","19.86","18.95","73.48K","-1.79%"
"01/26/2023","19.67","20.05","20.23","19.59","59.41K","-1.44%"
"01/25/2023","19.96","20.00","21.40","19.85","94.32K","0.04%"
"01/24/2023","19.95","20.75","21.05","19.85","72.86K","-3.88%"
"01/23/2023","20.75","21.00","21.15","20.65","62.42K","-1.57%"
"01/20/2023","21.09","21.65","21.85","20.85","63.09K","-3.03%"
"01/19/2023","21.75","21.65","22.55","21.45","71.34K","13.91%"
"01/18/2023","19.09","19.55","19.70","18.95","0.96K","-1.17%"
"01/17/2023","19.32","19.45","20.10","19.25","68.85K","-7.49%"
"01/16/2023","20.88","20.78","20.98","20.68","","0.72%"
"01/15/2023","20.73","20.68","20.78","20.63","","6.31%"
"01/13/2023","19.50","19.90","20.20","19.13","61.63K","-1.62%"
"01/12/2023","19.82","21.25","21.62","19.79","76.49K","-6.51%"
"01/11/2023","21.20","21.15","21.45","21.00","53.23K","0.50%"
"01/10/2023","21.09","22.40","22.73","21.00","68.83K","-5.26%"
"01/09/2023","22.27","22.16","22.62","21.78","61.93K","0.32%"
"01/06/2023","22.20","22.70","22.81","21.80","68.83K","-2.01%"
"01/05/2023","22.65","22.60","23.20","22.32","65.72K","1.12%"
"01/04/2023","22.40","23.30","23.30","22.38","63.18K","-2.82%"
"01/03/2023","23.05","23.00","23.95","22.60","70.34K","0.09%"
"01/02/2023","23.03","22.98","23.03","22.93","","-0.29%"
"12/30/2022","23.10","23.15","23.71","23.05","45.69K","-0.48%"
"12/29/2022","23.21","23.55","23.60","22.85","35.66K","-1.44%"
"12/28/2022","23.55","23.45","23.65","22.85","48.61K","0.41%"
"12/27/2022","23.45","23.60","24.10","23.20","49.88K","0.74%"
"12/26/2022","23.28","23.48","23.48","23.23","","-1.48%"
"12/23/2022","23.63","24.35","24.50","23.35","57.03K","-2.58%"
"12/22/2022","24.26","22.95","25.40","22.75","110.07K","19.78%"
"12/21/2022","20.25","21.50","21.50","20.55","1.40K","-5.75%"
"12/20/2022","21.48","22.25","23.10","21.25","44.39K","-2.99%"
"12/19/2022","22.15","22.60","22.63","21.45","47.06K","-1.35%"
"12/16/2022","22.45","22.45","23.25","21.93","66.90K","0.64%"
"12/15/2022","22.31","20.57","23.15","20.50","83.91K","8.15%"
"12/14/2022","20.63","21.80","22.05","20.45","81.99K","-4.90%"
"12/13/2022","21.69","23.17","23.46","21.20","79.13K","-6.12%"
"12/12/2022","23.10","23.20","23.40","22.80","59.63K","0.00%"
"12/09/2022","23.10","22.46","23.25","22.15","55.33K","3.14%"
"12/08/2022","22.40","22.90","23.16","22.23","41.76K","-2.03%"
"12/07/2022","22.86","22.48","23.20","22.30","58.51K","1.83%"
"12/06/2022","22.45","21.67","22.73","21.25","60.34K","3.53%"
"12/05/2022","21.69","21.30","22.20","21.10","72.95K","2.27%"
"12/02/2022","21.20","21.65","22.45","21.05","71.55K","-1.72%"
"12/01/2022","21.57","22.05","22.61","21.55","62.72K","-2.47%"
"11/30/2022","22.12","23.10","23.55","21.90","73.05K","-3.98%"
"11/29/2022","23.04","23.48","23.60","22.95","49.96K","-1.55%"
"11/28/2022","23.40","22.60","23.65","22.55","53.03K","4.08%"
"11/25/2022","22.49","22.50","22.80","22.35","25.08K","0.25%"
"11/24/2022","22.43","22.48","22.53","22.38","","0.12%"
"11/23/2022","22.40","22.95","23.15","22.35","50.28K","-2.39%"
"11/22/2022","22.95","23.83","23.95","22.90","40.17K","-3.63%"
"11/21/2022","23.81","24.45","24.80","23.75","41.50K","-2.86%"
"11/18/2022","24.51","24.75","25.10","24.45","41.94K","-1.02%"
"11/17/2022","24.77","25.15","25.75","24.70","51.94K","-0.66%"
"11/16/2022","24.93","24.70","25.60","23.85","1.11K","1.41%"
"11/15/2022","24.58","24.05","26.05","23.38","59.26K","1.43%"
"11/14/2022","24.24","24.05","24.40","23.27","58.70K","1.20%"
"11/11/2022","23.95","24.75","25.21","23.83","49.16K","-2.76%"
"11/10/2022","24.63","26.85","26.95","24.23","71.80K","-8.29%"
"11/09/2022","26.86","26.15","27.15","26.00","61.96K","2.89%"
"11/08/2022","26.10","25.15","26.41","24.90","61.32K","3.76%"
"11/07/2022","25.16","26.00","26.00","24.90","49.98K","-1.46%"
"11/04/2022","25.53","25.75","26.30","24.65","83.64K","-0.55%"
"11/03/2022","25.67","26.45","27.28","25.55","67.71K","-2.94%"
"11/02/2022","26.45","25.80","26.70","25.43","86.94K","3.17%"
"11/01/2022","25.63","25.92","26.15","25.51","58.26K","-0.93%"
"10/31/2022","25.88","26.15","26.75","25.75","57.61K","-1.47%"
"10/28/2022","26.26","27.40","27.65","26.00","62.87K","-2.45%"
"10/27/2022","26.92","27.45","27.91","26.75","66.11K","-2.07%"
"10/26/2022","27.49","28.45","28.90","27.35","71.75K","-2.48%"
"10/25/2022","28.19","29.55","29.70","28.10","68.24K","-3.98%"
"10/24/2022","29.35","29.65","30.35","29.25","61.76K","-2.11%"
"10/21/2022","29.99","30.05","30.36","29.25","78.38K","0.08%"
"10/20/2022","29.96","30.45","30.89","29.40","86.80K","-5.69%"
"10/19/2022","31.77","30.70","31.60","30.50","1.22K","2.96%"
"10/18/2022","30.86","31.05","31.65","30.50","45.97K","-1.04%"
"10/17/2022","31.18","32.00","32.05","30.25","52.02K","-2.35%"
"10/14/2022","31.93","30.80","32.70","30.15","70.56K","2.83%"
"10/13/2022","31.05","32.10","33.27","30.75","105.82K","-3.49%"
"10/12/2022","32.17","32.45","32.76","31.80","58.77K","-1.77%"
"10/11/2022","32.75","32.00","33.24","31.50","66.08K","2.01%"
"10/10/2022","32.11","31.60","33.11","31.30","75.38K","2.91%"
"10/07/2022","31.20","30.00","31.70","29.55","73.04K","4.28%"
"10/06/2022","29.92","28.89","30.06","28.15","67.06K","3.30%"
"10/05/2022","28.96","28.80","30.05","28.60","70.53K","0.57%"
"10/04/2022","28.80","29.90","30.20","28.50","76.95K","-3.97%"
"10/03/2022","29.99","31.65","32.20","29.35","76.27K","-4.84%"
"09/30/2022","31.52","30.95","31.60","29.83","94.32K","1.85%"
"09/29/2022","30.94","29.85","32.30","29.69","103.39K","3.52%"
"09/28/2022","29.89","31.05","32.71","29.50","100.79K","-4.75%"
"09/27/2022","31.38","30.85","32.20","29.75","96.74K","1.48%"
"09/26/2022","30.92","30.10","31.20","29.25","120.89K","3.57%"
"09/23/2022","29.86","27.80","31.21","27.80","148.06K","6.28%"
"09/22/2022","28.10","28.40","28.75","27.50","85.23K","5.42%"
"09/21/2022","26.65","27.10","27.70","26.80","1.36K","-1.30%"
"09/20/2022","27.00","25.70","27.66","25.48","43.97K","4.75%"
"09/19/2022","25.78","26.25","27.30","25.50","47.96K","-1.70%"
"09/16/2022","26.22","26.65","28.30","26.15","72.83K","-0.54%"
"09/15/2022","26.36","26.10","26.70","25.40","61.91K","-0.20%"
"09/14/2022","26.42","26.70","27.11","26.00","84.33K","-1.23%"
"09/13/2022","26.75","23.80","27.20","23.41","127.79K","11.81%"
"09/12/2022","23.92","23.75","24.31","23.10","61.96K","-0.13%"
"09/09/2022","23.95","24.25","24.33","23.55","48.10K","-1.36%"
"09/08/2022","24.28","25.03","25.73","24.23","","-2.48%"
"09/07/2022","24.90","26.70","27.20","24.80","71.96K","-6.96%"
"09/06/2022","26.76","25.65","27.00","24.90","98.12K","5.02%"
"09/05/2022","25.48","25.68","26.03","25.33","","-0.97%"
"09/04/2022","25.73","25.70","26.08","25.70","","-0.80%"
"09/02/2022","25.94","25.70","26.45","24.25","113.37K","1.23%"
"09/01/2022","25.62","25.90","27.20","25.50","84.94K","-0.67%"
"08/31/2022","25.79","26.30","26.48","25.41","76.58K","-2.52%"
"08/30/2022","26.46","26.15","27.00","25.35","96.40K","1.66%"
"08/29/2022","26.03","26.45","27.15","25.70","90.63K","-0.58%"
"08/26/2022","26.18","23.70","26.31","23.45","101.32K","10.94%"
"08/25/2022","23.60","24.20","24.45","23.45","62.87K","-3.09%"
"08/24/2022","24.35","25.40","25.70","24.20","59.39K","-3.87%"
"08/23/2022","25.33","25.65","26.10","24.88","67.34K","-1.90%"
"08/22/2022","25.82","24.25","25.91","24.25","84.79K","7.13%"
"08/19/2022","24.10","23.05","24.60","23.00","75.09K","4.80%"
"08/18/2022","23.00","23.33","23.65","22.90","45.78K","14.37%"
"08/17/2022","20.11","20.00","20.75","19.80","1.26K","0.55%"
"08/16/2022","20.00","20.55","20.80","19.95","42.01K","-2.08%"
"08/15/2022","20.43","21.35","21.63","20.35","45.41K","-3.59%"
"08/12/2022","21.19","21.40","21.65","20.55","49.45K","-1.45%"
"08/11/2022","21.50","21.45","22.17","21.10","61.67K","0.70%"
"08/10/2022","21.35","22.90","23.10","21.20","72.82K","-7.13%"
"08/09/2022","22.99","22.60","23.30","22.55","55.18K","1.46%"
"08/08/2022","22.66","22.55","23.15","21.85","64.16K","0.94%"
"08/05/2022","22.45","23.20","24.00","22.35","67.33K","-3.24%"
"08/04/2022","23.20","23.25","24.00","23.10","58.34K","0.16%"
"08/03/2022","23.16","24.55","24.78","23.00","59.70K","-5.88%"
"08/02/2022","24.61","24.20","25.25","23.65","81.13K","1.64%"
"08/01/2022","24.21","23.35","24.40","23.35","67.66K","3.41%"
"07/29/2022","23.42","23.45","23.90","23.30","66.57K","-1.06%"
"07/28/2022","23.67","25.05","25.15","23.45","78.77K","-5.33%"
"07/27/2022","25.00","25.70","25.71","24.45","67.27K","-3.67%"
"07/26/2022","25.95","25.45","26.35","25.30","72.69K","2.92%"
"07/25/2022","25.21","25.60","25.95","25.00","64.05K","-1.14%"
"07/22/2022","25.50","25.95","26.40","25.40","73.26K","-0.93%"
"07/21/2022","25.74","26.45","26.75","25.69","65.05K","5.64%"
"07/20/2022","24.37","24.70","24.85","24.00","1.37K","-1.85%"
"07/19/2022","24.83","25.55","25.65","24.33","42.66K","-3.39%"
"07/18/2022","25.70","25.20","26.13","24.77","47.97K","1.96%"
"07/15/2022","25.21","26.90","27.30","25.10","52.69K","-6.18%"
"07/14/2022","26.87","27.25","28.65","26.83","65.51K","0.00%"
"07/13/2022","26.86","27.40","28.80","26.50","71.57K","-1.91%"
"07/12/2022","27.39","27.10","27.86","26.32","54.17K","0.74%"
"07/11/2022","27.19","26.00","27.27","26.00","52.18K","4.36%"
"07/08/2022","26.05","26.85","27.30","25.79","65.65K","-2.98%"
"07/07/2022","26.85","27.20","27.55","26.40","54.05K","-1.28%"
"07/06/2022","27.20","27.82","28.40","26.95","53.87K","-1.90%"
"07/05/2022","27.73","27.80","29.75","27.50","83.94K","0.53%"
"07/04/2022","27.58","27.98","28.33","27.53","","-1.61%"
"07/03/2022","28.03","27.73","28.03","27.73","","1.23%"
"07/01/2022","27.69","28.80","29.65","27.55","74.24K","-3.06%"
"06/30/2022","28.56","28.10","29.95","28.00","80.18K","0.81%"
"06/29/2022","28.33","28.55","29.15","28.00","51.21K","0.00%"
"06/28/2022","28.33","27.45","28.60","26.87","64.63K","3.36%"
"06/27/2022","27.41","28.29","28.81","27.35","58.67K","-3.74%"
"06/24/2022","28.48","29.10","29.20","28.00","61.86K","-1.83%"
"06/23/2022","29.01","29.15","29.80","28.65","69.21K","0.00%"
"06/22/2022","29.01","30.10","31.40","28.90","79.03K","-4.33%"
"06/21/2022","30.32","30.75","32.10","29.15","85.22K","0.47%"
"06/20/2022","30.18","30.61","32.13","30.08","","-1.31%"
"06/19/2022","30.58","30.70","30.78","30.48","","-1.04%"
"06/17/2022","30.90","32.00","32.25","30.55","72.69K","-3.19%"
"06/16/2022","31.92","29.70","32.75","29.15","106.72K","6.29%"
"06/15/2022","30.03","31.80","31.95","28.95","109.62K","-5.60%"
"06/14/2022","31.81","32.75","33.05","31.45","112.81K","-3.29%"
"06/13/2022","32.89","29.30","33.25","29.10","174.76K","16.28%"
"06/10/2022","28.29","26.35","29.35","26.15","83.29K","7.06%"
"06/09/2022","26.42","24.75","26.51","24.39","58.16K","6.98%"
"06/08/2022","24.70","24.85","25.40","24.50","50.67K","0.08%"
"06/07/2022","24.68","25.60","26.45","24.64","54.46K","-3.54%"
"06/06/2022","25.59","26.00","26.16","25.15","51.07K","-1.45%"
"06/03/2022","25.96","25.50","26.70","25.43","59.83K","1.42%"
"06/02/2022","25.60","26.30","26.55","25.10","56.76K","-2.27%"
"06/01/2022","26.19","26.45","27.86","25.75","80.55K","-0.83%"
"05/31/2022","26.41","26.70","28.25","26.20","84.42K","-1.56%"
"05/30/2022","26.83","26.78","27.03","26.43","","0.37%"
"05/29/2022","26.73","26.75","26.83","26.68","","-0.51%"
"05/27/2022","26.87","28.25","28.40","26.75","57.90K","-4.26%"
"05/26/2022","28.06","28.48","28.63","27.78","","-1.48%"
"05/25/2022","28.49","29.15","30.00","28.15","","-2.40%"
"05/24/2022","29.19","29.15","30.55","28.94","80.01K","0.36%"
"05/23/2022","29.08","29.35","29.95","28.50","","-1.16%"
"05/20/2022","29.42","29.15","31.70","28.05","112.60K","0.47%"
"05/19/2022","29.29","32.18","32.93","28.73","","5.80%"
"05/18/2022","27.68","27.36","32.13","27.33","","4.06%"
"05/17/2022","26.60","27.60","27.75","25.75","44.15K","-3.58%"
"05/16/2022","27.59","28.80","29.55","27.35","50.39K","-6.16%"
"05/13/2022","29.40","31.45","31.45","29.20","96.93K","-5.95%"
"05/12/2022","31.25","31.50","33.48","31.00","","-2.82%"
"05/11/2022","32.16","32.35","33.75","30.40","","-0.28%"
"05/10/2022","32.25","34.05","34.90","31.64","","-4.62%"
"05/09/2022","33.82","31.15","34.29","31.10","","9.75%"
"05/06/2022","30.81","31.05","33.88","30.50","126.22K","-1.64%"
"05/05/2022","31.33","26.05","32.10","25.95","","21.60%"
"05/04/2022","25.76","28.80","28.95","25.60","99.38K","-10.82%"
"05/03/2022","28.89","30.60","31.35","28.55","","-6.66%"
"05/02/2022","30.95","31.20","33.45","30.70","109.60K","-2.21%"
"04/29/2022","31.65","29.50","31.80","28.60","103.22K","8.24%"
"04/28/2022","29.24","29.85","30.10","27.70","102.32K","-5.14%"
"04/27/2022","30.82","30.95","31.00","28.95","","1.73%"
"04/26/2022","30.30","27.10","31.20","26.83","","11.17%"
"04/25/2022","27.26","28.05","29.65","27.03","141.38K","-2.61%"
"04/22/2022","27.99","24.79","28.55","24.45","140.72K","13.35%"
"04/21/2022","24.69","22.95","25.18","22.46","101.29K","21.63%"
"04/20/2022","20.30","21.80","22.10","20.10","0.89K","-4.01%"
"04/19/2022","21.15","22.65","23.15","20.70","45.08K","-7.86%"
"04/18/2022","22.95","23.50","24.36","22.50","38.83K","-2.00%"
"04/14/2022","23.42","22.90","23.65","21.95","58.31K","3.24%"
"04/13/2022","22.69","24.90","25.00","22.50","58.56K","-9.49%"
"04/12/2022","25.06","24.75","25.55","23.30","68.45K","1.46%"
"04/11/2022","24.70","22.75","24.86","22.66","63.57K","8.13%"
"04/08/2022","22.85","23.10","23.70","22.00","49.98K","-0.56%"
"04/07/2022","22.98","24.00","24.45","22.64","63.00K","-3.06%"
"04/06/2022","23.70","22.80","25.60","22.75","86.20K","1.92%"
"04/05/2022","23.26","21.10","23.31","20.93","66.45K","10.94%"
"04/04/2022","20.96","22.50","22.60","20.90","44.49K","-6.14%"
"04/01/2022","22.33","23.15","23.50","22.25","57.65K","-4.84%"
"03/31/2022","23.47","22.00","23.60","21.75","63.13K","6.34%"
"03/30/2022","22.07","21.85","22.85","21.54","51.78K","1.46%"
"03/29/2022","21.75","23.04","23.15","21.55","66.45K","-5.40%"
"03/28/2022","22.99","23.55","24.80","22.90","64.65K","-1.96%"
"03/25/2022","23.46","24.25","24.71","23.40","64.30K","-3.34%"
"03/24/2022","24.27","25.15","25.20","24.05","52.04K","-2.52%"
"03/23/2022","24.89","25.00","25.80","24.80","61.68K","-0.43%"
"03/22/2022","25.00","25.40","25.95","24.70","49.93K","-1.90%"
"03/21/2022","25.48","25.70","26.45","24.78","63.76K","-0.62%"
"03/18/2022","25.64","27.50","27.95","25.50","64.76K","-5.44%"
"03/17/2022","27.11","27.30","28.10","26.68","59.26K","-1.55%"
"03/16/2022","27.54","30.20","30.65","27.34","86.55K","-14.68%"
"03/15/2022","32.28","31.62","33.40","31.20","3.28K","1.50%"
"03/14/2022","31.80","30.50","32.90","29.59","42.08K","2.58%"
"03/11/2022","31.00","30.40","31.10","28.45","63.12K","1.93%"
"03/10/2022","30.42","31.80","33.43","30.15","","-5.30%"
"03/09/2022","32.12","34.20","34.35","31.05","57.71K","-5.30%"
"03/08/2022","33.92","34.80","36.50","32.04","","-2.56%"
"03/07/2022","34.81","32.85","34.94","31.40","","10.41%"
"03/04/2022","31.53","29.75","33.20","29.70","93.30K","5.42%"
"03/03/2022","29.91","29.92","30.90","28.80","67.82K","0.98%"
"03/02/2022","29.61","31.75","32.85","29.35","","-7.81%"
"03/01/2022","32.12","28.70","32.61","28.13","","12.26%"
"02/28/2022","28.62","29.50","31.10","28.04","","4.99%"
"02/25/2022","27.26","28.79","30.44","26.82","96.07K","-4.52%"
"02/24/2022","28.55","29.80","34.05","28.44","144.48K","-3.78%"
"02/23/2022","29.67","27.82","29.82","26.68","95.76K","6.11%"
"02/22/2022","27.96","28.35","30.30","26.75","128.72K","-4.83%"
"02/21/2022","29.38","28.83","29.98","26.78","","2.08%"
"02/20/2022","28.78","28.38","28.88","28.38","","2.24%"
"02/18/2022","28.15","27.60","28.85","26.25","94.57K","2.10%"
"02/17/2022","27.57","24.55","27.80","24.28","113.09K","4.54%"
"02/16/2022","26.37","25.80","26.30","24.70","1.05K","3.89%"
"02/15/2022","25.38","28.25","28.80","25.22","57.75K","-10.42%"
"02/14/2022","28.34","27.16","29.48","26.98","88.31K","1.88%"
"02/11/2022","27.81","24.20","29.70","23.70","119.51K","14.85%"
"02/10/2022","24.22","21.35","24.95","21.25","103.48K","14.48%"
"02/09/2022","21.16","22.35","22.38","21.10","62.67K","-5.18%"
"02/08/2022","22.31","23.45","23.91","22.20","63.22K","-5.67%"
"02/07/2022","23.65","24.30","24.70","22.85","65.48K","-2.51%"
"02/04/2022","24.26","24.10","26.10","23.32","109.01K","-5.71%"
"02/03/2022","25.73","23.05","25.85","23.03","130.30K","16.82%"
"02/02/2022","22.03","22.80","23.35","21.95","91.19K","-3.16%"
"02/01/2022","22.75","24.85","25.15","22.60","89.92K","-8.48%"
"01/31/2022","24.85","26.95","27.94","24.75","95.95K","-7.52%"
"01/28/2022","26.87","28.00","30.10","26.55","103.71K","-6.77%"
"01/27/2022","28.83","28.40","30.70","26.45","129.07K","0.68%"
"01/26/2022","28.63","29.20","29.45","25.45","149.61K","1.66%"
"01/25/2022","28.16","28.05","31.15","27.21","158.71K","0.34%"
"01/24/2022","28.07","27.25","33.10","26.15","273.44K","2.78%"
"01/21/2022","27.31","25.50","27.60","24.90","193.94K","9.38%"
"01/20/2022","24.97","24.00","25.88","22.40","105.91K","9.55%"
"01/19/2022","22.79","22.45","23.50","21.70","1.25K","0.75%"
"01/18/2022","22.62","19.70","22.90","19.45","79.85K","3.62%"
"01/17/2022","21.83","21.88","22.18","21.68","","0.00%"
"01/16/2022","21.83","19.68","21.83","19.68","","11.00%"
"01/14/2022","19.67","20.50","21.60","19.57","83.75K","-3.67%"
"01/13/2022","20.42","18.70","20.63","18.25","69.67K","9.88%"
"01/12/2022","18.58","19.00","19.20","18.15","77.26K","-1.97%"
"01/11/2022","18.95","20.05","20.85","18.90","90.33K","-4.77%"
"01/10/2022","19.90","20.55","23.05","19.80","118.52K","-2.42%"
"01/07/2022","20.40","20.85","21.50","20.20","76.13K","-2.17%"
"01/06/2022","20.85","20.95","21.80","20.22","86.11K","0.36%"
"01/05/2022","20.77","19.00","21.10","18.62","93.99K","10.10%"
"01/04/2022","18.87","19.00","19.65","18.55","62.26K","0.06%"
"01/03/2022","18.86","19.60","19.81","18.75","59.44K","-4.15%"